"date","time","gameTime","statTeam","otherTeam","statTeamScore","otherTeamScore","action","player","lastPlayer","secLastPlayer","turnover"
"Mon Aug 31 2026","19:25:39 GMT-0600 (Mountain Daylight Time)","00:24:40","EUPA Fall - Team 3","EUPA Fall - Team 2","0","0","O-Error","","","","true"
"Mon Aug 31 2026","19:25:41 GMT-0600 (Mountain Daylight Time)","00:24:38","EUPA Fall - Team 3","EUPA Fall - Team 2","0","0","Touch","Verity Norwood","","","false"
"Mon Aug 31 2026","19:25:54 GMT-0600 (Mountain Daylight Time)","00:24:25","EUPA Fall - Team 3","EUPA Fall - Team 2","0","0","T-Away","Verity Norwood","","","true"
"Mon Aug 31 2026","19:26:01 GMT-0600 (Mountain Daylight Time)","00:24:18","EUPA Fall - Team 3","EUPA Fall - Team 2","0","0","D-Play","Verity Norwood","","","true"
"Mon Aug 31 2026","19:26:04 GMT-0600 (Mountain Daylight Time)","00:24:16","EUPA Fall - Team 3","EUPA Fall - Team 2","0","0","Touch","Verity Norwood","","","false"
"Mon Aug 31 2026","19:26:09 GMT-0600 (Mountain Daylight Time)","00:24:10","EUPA Fall - Team 3","EUPA Fall - Team 2","0","0","Touch","Peregrine Rookwood","Verity Norwood","","false"
"Mon Aug 31 2026","19:26:14 GMT-0600 (Mountain Daylight Time)","00:24:05","EUPA Fall - Team 3","EUPA Fall - Team 2","0","0","Touch","Ambrose Lindqvist","Peregrine Rookwood","Verity Norwood","false"
"Mon Aug 31 2026","19:26:16 GMT-0600 (Mountain Daylight Time)","00:24:03","EUPA Fall - Team 3","EUPA Fall - Team 2","0","0","Touch","Verity Norwood","Ambrose Lindqvist","Peregrine Rookwood","false"
"Mon Aug 31 2026","19:26:23 GMT-0600 (Mountain Daylight Time)","00:23:56","EUPA Fall - Team 3","EUPA Fall - Team 2","0","0","T-Away","Verity Norwood","","","true"
"Mon Aug 31 2026","19:26:56 GMT-0600 (Mountain Daylight Time)","00:23:24","EUPA Fall - Team 3","EUPA Fall - Team 2","0","1","GSO","Dashiell Rookwood","","","true"
"Mon Aug 31 2026","19:27:04 GMT-0600 (Mountain Daylight Time)","00:23:15","EUPA Fall - Team 3","EUPA Fall - Team 2","0","1","Touch","Quillon Rookwood","","","false"
"Mon Aug 31 2026","19:27:06 GMT-0600 (Mountain Daylight Time)","00:23:13","EUPA Fall - Team 3","EUPA Fall - Team 2","0","1","Touch","Peregrine Rookwood","Quillon Rookwood","","false"
"Mon Aug 31 2026","19:27:09 GMT-0600 (Mountain Daylight Time)","00:23:10","EUPA Fall - Team 3","EUPA Fall - Team 2","0","1","Touch","Ravenna Rookwood","Peregrine Rookwood","Quillon Rookwood","false"
"Mon Aug 31 2026","19:27:13 GMT-0600 (Mountain Daylight Time)","00:23:06","EUPA Fall - Team 3","EUPA Fall - Team 2","0","1","Touch","Quillon Rookwood","Ravenna Rookwood","Peregrine Rookwood","false"
"Mon Aug 31 2026","19:27:19 GMT-0600 (Mountain Daylight Time)","00:23:00","EUPA Fall - Team 3","EUPA Fall - Team 2","0","1","Drop","Peregrine Rookwood","Quillon Rookwood","Ravenna Rookwood","true"
"Mon Aug 31 2026","19:27:49 GMT-0600 (Mountain Daylight Time)","00:22:30","EUPA Fall - Team 3","EUPA Fall - Team 2","0","1","O-Error","","","","true"
"Mon Aug 31 2026","19:27:51 GMT-0600 (Mountain Daylight Time)","00:22:28","EUPA Fall - Team 3","EUPA Fall - Team 2","0","1","Touch","Ravenna Rookwood","","","false"
"Mon Aug 31 2026","19:27:52 GMT-0600 (Mountain Daylight Time)","00:22:27","EUPA Fall - Team 3","EUPA Fall - Team 2","0","1","Touch","Dashiell Rookwood","Ravenna Rookwood","","false"
"Mon Aug 31 2026","19:27:56 GMT-0600 (Mountain Daylight Time)","00:22:23","EUPA Fall - Team 3","EUPA Fall - Team 2","0","1","Touch","Ravenna Rookwood","Dashiell Rookwood","Ravenna Rookwood","false"
"Mon Aug 31 2026","19:28:02 GMT-0600 (Mountain Daylight Time)","00:22:17","EUPA Fall - Team 3","EUPA Fall - Team 2","1","1","Touch","Bettany Rookwood","Ravenna Rookwood","Dashiell Rookwood","false"
"Mon Aug 31 2026","19:28:02 GMT-0600 (Mountain Daylight Time)","00:22:17","EUPA Fall - Team 3","EUPA Fall - Team 2","1","1","Point","Bettany Rookwood","Ravenna Rookwood","Dashiell Rookwood","true"
"Mon Aug 31 2026","19:28:20 GMT-0600 (Mountain Daylight Time)","00:21:59","EUPA Fall - Team 3","EUPA Fall - Team 2","1","1","O-Error","","","","true"
"Mon Aug 31 2026","19:28:25 GMT-0600 (Mountain Daylight Time)","00:21:55","EUPA Fall - Team 3","EUPA Fall - Team 2","1","1","Touch","Dashiell Rookwood","","","false"
"Mon Aug 31 2026","19:28:26 GMT-0600 (Mountain Daylight Time)","00:21:53","EUPA Fall - Team 3","EUPA Fall - Team 2","1","1","Touch","Alder Rookwood","Dashiell Rookwood","","false"
"Mon Aug 31 2026","19:28:29 GMT-0600 (Mountain Daylight Time)","00:21:50","EUPA Fall - Team 3","EUPA Fall - Team 2","1","1","Touch","Ravenna Rookwood","Alder Rookwood","Dashiell Rookwood","false"
"Mon Aug 31 2026","19:28:35 GMT-0600 (Mountain Daylight Time)","00:21:44","EUPA Fall - Team 3","EUPA Fall - Team 2","1","1","Touch","Alder Rookwood","Ravenna Rookwood","Alder Rookwood","false"
"Mon Aug 31 2026","19:28:37 GMT-0600 (Mountain Daylight Time)","00:21:42","EUPA Fall - Team 3","EUPA Fall - Team 2","1","1","Touch","Ambrose Lindqvist","Alder Rookwood","Ravenna Rookwood","false"
"Mon Aug 31 2026","19:28:41 GMT-0600 (Mountain Daylight Time)","00:21:38","EUPA Fall - Team 3","EUPA Fall - Team 2","1","1","Drop","Alder Rookwood","Ambrose Lindqvist","Alder Rookwood","true"
"Mon Aug 31 2026","19:28:55 GMT-0600 (Mountain Daylight Time)","00:21:24","EUPA Fall - Team 3","EUPA Fall - Team 2","1","2","GSO","Ravenna Rookwood","","","true"
"Mon Aug 31 2026","19:29:10 GMT-0600 (Mountain Daylight Time)","00:21:09","EUPA Fall - Team 3","EUPA Fall - Team 2","1","2","Touch","Ambrose Lindqvist","","","false"
"Mon Aug 31 2026","19:29:12 GMT-0600 (Mountain Daylight Time)","00:21:07","EUPA Fall - Team 3","EUPA Fall - Team 2","1","2","Touch","Quillon Rookwood","Ambrose Lindqvist","","false"
"Mon Aug 31 2026","19:29:13 GMT-0600 (Mountain Daylight Time)","00:21:07","EUPA Fall - Team 3","EUPA Fall - Team 2","1","2","Touch","Verity Norwood","Quillon Rookwood","Ambrose Lindqvist","false"
"Mon Aug 31 2026","19:29:21 GMT-0600 (Mountain Daylight Time)","00:20:59","EUPA Fall - Team 3","EUPA Fall - Team 2","1","2","Drop","Peregrine Rookwood","Verity Norwood","Quillon Rookwood","true"
"Mon Aug 31 2026","19:29:30 GMT-0600 (Mountain Daylight Time)","00:20:49","EUPA Fall - Team 3","EUPA Fall - Team 2","1","2","O-Error","","","","true"
"Mon Aug 31 2026","19:29:36 GMT-0600 (Mountain Daylight Time)","00:20:43","EUPA Fall - Team 3","EUPA Fall - Team 2","1","2","Touch","Ambrose Lindqvist","","","false"
"Mon Aug 31 2026","19:29:42 GMT-0600 (Mountain Daylight Time)","00:20:37","EUPA Fall - Team 3","EUPA Fall - Team 2","1","2","Touch","Quillon Rookwood","Ambrose Lindqvist","","false"
"Mon Aug 31 2026","19:29:45 GMT-0600 (Mountain Daylight Time)","00:20:34","EUPA Fall - Team 3","EUPA Fall - Team 2","1","2","Touch","Peregrine Rookwood","Quillon Rookwood","Ambrose Lindqvist","false"
"Mon Aug 31 2026","19:29:48 GMT-0600 (Mountain Daylight Time)","00:20:31","EUPA Fall - Team 3","EUPA Fall - Team 2","1","2","Touch","Quillon Rookwood","Peregrine Rookwood","Quillon Rookwood","false"
"Mon Aug 31 2026","19:29:53 GMT-0600 (Mountain Daylight Time)","00:20:26","EUPA Fall - Team 3","EUPA Fall - Team 2","2","2","Touch","Ambrose Lindqvist","Quillon Rookwood","Peregrine Rookwood","false"
"Mon Aug 31 2026","19:29:53 GMT-0600 (Mountain Daylight Time)","00:20:26","EUPA Fall - Team 3","EUPA Fall - Team 2","2","2","Point","Ambrose Lindqvist","Quillon Rookwood","Peregrine Rookwood","true"
"Mon Aug 31 2026","19:30:28 GMT-0600 (Mountain Daylight Time)","00:19:51","EUPA Fall - Team 3","EUPA Fall - Team 2","2","3","GSO","Peregrine Rookwood","","","true"
"Mon Aug 31 2026","19:30:38 GMT-0600 (Mountain Daylight Time)","00:19:41","EUPA Fall - Team 3","EUPA Fall - Team 2","2","3","Touch","Dashiell Rookwood","","","false"
"Mon Aug 31 2026","19:30:49 GMT-0600 (Mountain Daylight Time)","00:19:30","EUPA Fall - Team 3","EUPA Fall - Team 2","2","3","Drop","Alder Rookwood","Dashiell Rookwood","","true"
"Mon Aug 31 2026","19:30:58 GMT-0600 (Mountain Daylight Time)","00:19:21","EUPA Fall - Team 3","EUPA Fall - Team 2","2","4","GSO","Dashiell Rookwood","","","true"
"Mon Aug 31 2026","19:31:09 GMT-0600 (Mountain Daylight Time)","00:19:10","EUPA Fall - Team 3","EUPA Fall - Team 2","2","4","Touch","Quillon Rookwood","","","false"
"Mon Aug 31 2026","19:31:10 GMT-0600 (Mountain Daylight Time)","00:19:09","EUPA Fall - Team 3","EUPA Fall - Team 2","2","4","Touch","Dashiell Rookwood","Quillon Rookwood","","false"
"Mon Aug 31 2026","19:31:15 GMT-0600 (Mountain Daylight Time)","00:19:04","EUPA Fall - Team 3","EUPA Fall - Team 2","2","4","Touch","Quillon Rookwood","Dashiell Rookwood","Quillon Rookwood","false"
"Mon Aug 31 2026","19:31:22 GMT-0600 (Mountain Daylight Time)","00:18:57","EUPA Fall - Team 3","EUPA Fall - Team 2","2","4","Touch","Ambrose Lindqvist","Quillon Rookwood","Dashiell Rookwood","false"
"Mon Aug 31 2026","19:31:24 GMT-0600 (Mountain Daylight Time)","00:18:55","EUPA Fall - Team 3","EUPA Fall - Team 2","2","4","Touch","Quillon Rookwood","Ambrose Lindqvist","Quillon Rookwood","false"
"Mon Aug 31 2026","19:31:29 GMT-0600 (Mountain Daylight Time)","00:18:51","EUPA Fall - Team 3","EUPA Fall - Team 2","3","4","Touch","Ambrose Lindqvist","Quillon Rookwood","Ambrose Lindqvist","false"
"Mon Aug 31 2026","19:31:29 GMT-0600 (Mountain Daylight Time)","00:18:51","EUPA Fall - Team 3","EUPA Fall - Team 2","3","4","Point","Ambrose Lindqvist","Quillon Rookwood","Ambrose Lindqvist","true"
"Mon Aug 31 2026","19:31:44 GMT-0600 (Mountain Daylight Time)","00:18:36","EUPA Fall - Team 3","EUPA Fall - Team 2","3","4","O-Error","","","","true"
"Mon Aug 31 2026","19:31:49 GMT-0600 (Mountain Daylight Time)","00:18:31","EUPA Fall - Team 3","EUPA Fall - Team 2","3","4","Touch","Ravenna Rookwood","","","false"
"Mon Aug 31 2026","19:31:54 GMT-0600 (Mountain Daylight Time)","00:18:26","EUPA Fall - Team 3","EUPA Fall - Team 2","3","4","Touch","Ambrose Lindqvist","Ravenna Rookwood","","false"
"Mon Aug 31 2026","19:31:57 GMT-0600 (Mountain Daylight Time)","00:18:22","EUPA Fall - Team 3","EUPA Fall - Team 2","3","4","Touch","Peregrine Rookwood","Ambrose Lindqvist","Ravenna Rookwood","false"
"Mon Aug 31 2026","19:32:04 GMT-0600 (Mountain Daylight Time)","00:18:15","EUPA Fall - Team 3","EUPA Fall - Team 2","3","4","Touch","Ambrose Lindqvist","Peregrine Rookwood","Ambrose Lindqvist","false"
"Mon Aug 31 2026","19:32:07 GMT-0600 (Mountain Daylight Time)","00:18:12","EUPA Fall - Team 3","EUPA Fall - Team 2","3","4","T-Away","Ambrose Lindqvist","","","true"
"Mon Aug 31 2026","19:32:10 GMT-0600 (Mountain Daylight Time)","00:18:09","EUPA Fall - Team 3","EUPA Fall - Team 2","3","4","D-Play","Ambrose Lindqvist","","","true"
"Mon Aug 31 2026","19:32:17 GMT-0600 (Mountain Daylight Time)","00:18:02","EUPA Fall - Team 3","EUPA Fall - Team 2","3","4","Touch","Ambrose Lindqvist","","","false"
"Mon Aug 31 2026","19:32:18 GMT-0600 (Mountain Daylight Time)","00:18:01","EUPA Fall - Team 3","EUPA Fall - Team 2","3","4","T-Away","Ambrose Lindqvist","","","true"
"Mon Aug 31 2026","19:32:25 GMT-0600 (Mountain Daylight Time)","00:17:54","EUPA Fall - Team 3","EUPA Fall - Team 2","3","5","GSO","Ravenna Rookwood","","","true"
"Mon Aug 31 2026","19:32:34 GMT-0600 (Mountain Daylight Time)","00:17:45","EUPA Fall - Team 3","EUPA Fall - Team 2","3","5","Touch","Dashiell Rookwood","","","false"
"Mon Aug 31 2026","19:32:39 GMT-0600 (Mountain Daylight Time)","00:17:40","EUPA Fall - Team 3","EUPA Fall - Team 2","3","5","Touch","Ambrose Lindqvist","Dashiell Rookwood","","false"
"Mon Aug 31 2026","19:32:42 GMT-0600 (Mountain Daylight Time)","00:17:37","EUPA Fall - Team 3","EUPA Fall - Team 2","3","5","Touch","Ravenna Rookwood","Ambrose Lindqvist","Dashiell Rookwood","false"
"Mon Aug 31 2026","19:32:54 GMT-0600 (Mountain Daylight Time)","00:17:26","EUPA Fall - Team 3","EUPA Fall - Team 2","3","5","Drop","Dashiell Rookwood","Ravenna Rookwood","Ambrose Lindqvist","true"
"Mon Aug 31 2026","19:33:01 GMT-0600 (Mountain Daylight Time)","00:17:19","EUPA Fall - Team 3","EUPA Fall - Team 2","3","5","O-Error","","","","true"
"Mon Aug 31 2026","19:33:05 GMT-0600 (Mountain Daylight Time)","00:17:14","EUPA Fall - Team 3","EUPA Fall - Team 2","3","5","Touch","Ambrose Lindqvist","","","false"
"Mon Aug 31 2026","19:33:07 GMT-0600 (Mountain Daylight Time)","00:17:12","EUPA Fall - Team 3","EUPA Fall - Team 2","3","5","Touch","Peregrine Rookwood","Ambrose Lindqvist","","false"
"Mon Aug 31 2026","19:33:12 GMT-0600 (Mountain Daylight Time)","00:17:07","EUPA Fall - Team 3","EUPA Fall - Team 2","3","5","Touch","Ambrose Lindqvist","Peregrine Rookwood","Ambrose Lindqvist","false"
"Mon Aug 31 2026","19:33:16 GMT-0600 (Mountain Daylight Time)","00:17:03","EUPA Fall - Team 3","EUPA Fall - Team 2","3","5","Touch","Verity Norwood","Ambrose Lindqvist","Peregrine Rookwood","false"
"Mon Aug 31 2026","19:33:19 GMT-0600 (Mountain Daylight Time)","00:17:00","EUPA Fall - Team 3","EUPA Fall - Team 2","3","5","Touch","Quillon Rookwood","Verity Norwood","Ambrose Lindqvist","false"
"Mon Aug 31 2026","19:33:26 GMT-0600 (Mountain Daylight Time)","00:16:53","EUPA Fall - Team 3","EUPA Fall - Team 2","3","5","Touch","Peregrine Rookwood","Quillon Rookwood","Verity Norwood","false"
"Mon Aug 31 2026","19:33:34 GMT-0600 (Mountain Daylight Time)","00:16:45","EUPA Fall - Team 3","EUPA Fall - Team 2","4","5","Touch","Quillon Rookwood","Peregrine Rookwood","Quillon Rookwood","false"
"Mon Aug 31 2026","19:33:34 GMT-0600 (Mountain Daylight Time)","00:16:45","EUPA Fall - Team 3","EUPA Fall - Team 2","4","5","Point","Quillon Rookwood","Peregrine Rookwood","Quillon Rookwood","true"
"Mon Aug 31 2026","19:33:43 GMT-0600 (Mountain Daylight Time)","00:16:36","EUPA Fall - Team 3","EUPA Fall - Team 2","4","5","O-Error","","","","true"
"Mon Aug 31 2026","19:33:59 GMT-0600 (Mountain Daylight Time)","00:16:21","EUPA Fall - Team 3","EUPA Fall - Team 2","4","5","Touch","Verity Norwood","","","false"
"Mon Aug 31 2026","19:33:59 GMT-0600 (Mountain Daylight Time)","00:16:20","EUPA Fall - Team 3","EUPA Fall - Team 2","4","5","Touch","Alder Rookwood","Verity Norwood","","false"
"Mon Aug 31 2026","19:34:01 GMT-0600 (Mountain Daylight Time)","00:16:18","EUPA Fall - Team 3","EUPA Fall - Team 2","4","5","Touch","Quillon Rookwood","Alder Rookwood","Verity Norwood","false"
"Mon Aug 31 2026","19:34:09 GMT-0600 (Mountain Daylight Time)","00:16:10","EUPA Fall - Team 3","EUPA Fall - Team 2","5","5","Touch","Bettany Rookwood","Quillon Rookwood","Alder Rookwood","false"
"Mon Aug 31 2026","19:34:09 GMT-0600 (Mountain Daylight Time)","00:16:10","EUPA Fall - Team 3","EUPA Fall - Team 2","5","5","Point","Bettany Rookwood","Quillon Rookwood","Alder Rookwood","true"
"Mon Aug 31 2026","19:34:28 GMT-0600 (Mountain Daylight Time)","00:15:51","EUPA Fall - Team 3","EUPA Fall - Team 2","5","5","D-Play","Alder Rookwood","","","true"
"Mon Aug 31 2026","19:34:31 GMT-0600 (Mountain Daylight Time)","00:15:48","EUPA Fall - Team 3","EUPA Fall - Team 2","5","5","Touch","Quillon Rookwood","","","false"
"Mon Aug 31 2026","19:34:38 GMT-0600 (Mountain Daylight Time)","00:15:41","EUPA Fall - Team 3","EUPA Fall - Team 2","5","5","T-Away","Quillon Rookwood","","","true"
"Mon Aug 31 2026","19:35:02 GMT-0600 (Mountain Daylight Time)","00:15:17","EUPA Fall - Team 3","EUPA Fall - Team 2","5","6","GSO","Dashiell Rookwood","","","true"
"Mon Aug 31 2026","19:35:08 GMT-0600 (Mountain Daylight Time)","00:15:11","EUPA Fall - Team 3","EUPA Fall - Team 2","5","6","Touch","Dashiell Rookwood","","","false"
"Mon Aug 31 2026","19:35:16 GMT-0600 (Mountain Daylight Time)","00:15:03","EUPA Fall - Team 3","EUPA Fall - Team 2","5","6","Touch","Peregrine Rookwood","Dashiell Rookwood","","false"
"Mon Aug 31 2026","19:35:20 GMT-0600 (Mountain Daylight Time)","00:14:59","EUPA Fall - Team 3","EUPA Fall - Team 2","5","6","Touch","Ambrose Lindqvist","Peregrine Rookwood","Dashiell Rookwood","false"
"Mon Aug 31 2026","19:35:26 GMT-0600 (Mountain Daylight Time)","00:14:53","EUPA Fall - Team 3","EUPA Fall - Team 2","6","6","Touch","Dashiell Rookwood","Ambrose Lindqvist","Peregrine Rookwood","false"
"Mon Aug 31 2026","19:35:26 GMT-0600 (Mountain Daylight Time)","00:14:53","EUPA Fall - Team 3","EUPA Fall - Team 2","6","6","Point","Dashiell Rookwood","Ambrose Lindqvist","Peregrine Rookwood","true"
"Mon Aug 31 2026","19:35:54 GMT-0600 (Mountain Daylight Time)","00:14:25","EUPA Fall - Team 3","EUPA Fall - Team 2","6","6","O-Error","","","","true"
"Mon Aug 31 2026","19:35:59 GMT-0600 (Mountain Daylight Time)","00:14:20","EUPA Fall - Team 3","EUPA Fall - Team 2","6","6","Touch","Dashiell Rookwood","","","false"
"Mon Aug 31 2026","19:36:09 GMT-0600 (Mountain Daylight Time)","00:14:10","EUPA Fall - Team 3","EUPA Fall - Team 2","6","6","Touch","Ambrose Lindqvist","Dashiell Rookwood","","false"
"Mon Aug 31 2026","19:36:15 GMT-0600 (Mountain Daylight Time)","00:14:04","EUPA Fall - Team 3","EUPA Fall - Team 2","6","6","Touch","Ravenna Rookwood","Ambrose Lindqvist","Dashiell Rookwood","false"
"Mon Aug 31 2026","19:36:17 GMT-0600 (Mountain Daylight Time)","00:14:02","EUPA Fall - Team 3","EUPA Fall - Team 2","6","6","Touch","Ambrose Lindqvist","Ravenna Rookwood","Ambrose Lindqvist","false"
"Mon Aug 31 2026","19:36:20 GMT-0600 (Mountain Daylight Time)","00:13:59","EUPA Fall - Team 3","EUPA Fall - Team 2","7","6","Touch","Alder Rookwood","Ambrose Lindqvist","Ravenna Rookwood","false"
"Mon Aug 31 2026","19:36:20 GMT-0600 (Mountain Daylight Time)","00:13:59","EUPA Fall - Team 3","EUPA Fall - Team 2","7","6","Point","Alder Rookwood","Ambrose Lindqvist","Ravenna Rookwood","true"
"Mon Aug 31 2026","19:37:12 GMT-0600 (Mountain Daylight Time)","00:13:07","EUPA Fall - Team 3","EUPA Fall - Team 2","7","7","GSO","Alder Rookwood","","","true"
"Mon Aug 31 2026","19:37:22 GMT-0600 (Mountain Daylight Time)","00:12:58","EUPA Fall - Team 3","EUPA Fall - Team 2","7","7","Touch","Alder Rookwood","","","false"
"Mon Aug 31 2026","19:37:24 GMT-0600 (Mountain Daylight Time)","00:12:55","EUPA Fall - Team 3","EUPA Fall - Team 2","7","7","Touch","Verity Norwood","Alder Rookwood","","false"
"Mon Aug 31 2026","19:37:28 GMT-0600 (Mountain Daylight Time)","00:12:51","EUPA Fall - Team 3","EUPA Fall - Team 2","7","7","Touch","Alder Rookwood","Verity Norwood","Alder Rookwood","false"
"Mon Aug 31 2026","19:37:31 GMT-0600 (Mountain Daylight Time)","00:12:48","EUPA Fall - Team 3","EUPA Fall - Team 2","8","7","Touch","Quillon Rookwood","Alder Rookwood","Verity Norwood","false"
"Mon Aug 31 2026","19:37:31 GMT-0600 (Mountain Daylight Time)","00:12:48","EUPA Fall - Team 3","EUPA Fall - Team 2","8","7","Point","Quillon Rookwood","Alder Rookwood","Verity Norwood","true"
"Mon Aug 31 2026","19:37:51 GMT-0600 (Mountain Daylight Time)","00:12:28","EUPA Fall - Team 3","EUPA Fall - Team 2","8","7","O-Error","","","","true"
"Mon Aug 31 2026","19:37:57 GMT-0600 (Mountain Daylight Time)","00:12:22","EUPA Fall - Team 3","EUPA Fall - Team 2","8","7","Touch","Dashiell Rookwood","","","false"
"Mon Aug 31 2026","19:38:05 GMT-0600 (Mountain Daylight Time)","00:12:14","EUPA Fall - Team 3","EUPA Fall - Team 2","8","7","Touch","Bettany Rookwood","Dashiell Rookwood","","false"
"Mon Aug 31 2026","19:38:10 GMT-0600 (Mountain Daylight Time)","00:12:09","EUPA Fall - Team 3","EUPA Fall - Team 2","8","7","Touch","Dashiell Rookwood","Bettany Rookwood","Dashiell Rookwood","false"
"Mon Aug 31 2026","19:38:14 GMT-0600 (Mountain Daylight Time)","00:12:05","EUPA Fall - Team 3","EUPA Fall - Team 2","8","7","Touch","Peregrine Rookwood","Dashiell Rookwood","Bettany Rookwood","false"
"Mon Aug 31 2026","19:38:18 GMT-0600 (Mountain Daylight Time)","00:12:01","EUPA Fall - Team 3","EUPA Fall - Team 2","8","7","Touch","Quillon Rookwood","Peregrine Rookwood","Dashiell Rookwood","false"
"Mon Aug 31 2026","19:38:22 GMT-0600 (Mountain Daylight Time)","00:11:57","EUPA Fall - Team 3","EUPA Fall - Team 2","9","7","Touch","Bettany Rookwood","Quillon Rookwood","Peregrine Rookwood","false"
"Mon Aug 31 2026","19:38:22 GMT-0600 (Mountain Daylight Time)","00:11:57","EUPA Fall - Team 3","EUPA Fall - Team 2","9","7","Point","Bettany Rookwood","Quillon Rookwood","Peregrine Rookwood","true"
"Mon Aug 31 2026","19:38:43 GMT-0600 (Mountain Daylight Time)","00:11:36","EUPA Fall - Team 3","EUPA Fall - Team 2","9","8","GSO","Dashiell Rookwood","","","true"
"Mon Aug 31 2026","19:38:47 GMT-0600 (Mountain Daylight Time)","00:11:32","EUPA Fall - Team 3","EUPA Fall - Team 2","9","8","Touch","Quillon Rookwood","","","false"
"Mon Aug 31 2026","19:38:55 GMT-0600 (Mountain Daylight Time)","00:11:24","EUPA Fall - Team 3","EUPA Fall - Team 2","9","8","Touch","Dashiell Rookwood","Quillon Rookwood","","false"
"Mon Aug 31 2026","19:39:02 GMT-0600 (Mountain Daylight Time)","00:11:17","EUPA Fall - Team 3","EUPA Fall - Team 2","9","8","T-Away","Dashiell Rookwood","","","true"
"Mon Aug 31 2026","19:39:27 GMT-0600 (Mountain Daylight Time)","00:10:52","EUPA Fall - Team 3","EUPA Fall - Team 2","9","9","GSO","Quillon Rookwood","","","true"
"Mon Aug 31 2026","19:39:35 GMT-0600 (Mountain Daylight Time)","00:10:44","EUPA Fall - Team 3","EUPA Fall - Team 2","9","9","Touch","Quillon Rookwood","","","false"
"Mon Aug 31 2026","19:39:50 GMT-0600 (Mountain Daylight Time)","00:10:29","EUPA Fall - Team 3","EUPA Fall - Team 2","10","9","Touch","Ambrose Lindqvist","Quillon Rookwood","","false"
"Mon Aug 31 2026","19:39:50 GMT-0600 (Mountain Daylight Time)","00:10:29","EUPA Fall - Team 3","EUPA Fall - Team 2","10","9","Point","Ambrose Lindqvist","Quillon Rookwood","","true"
"Mon Aug 31 2026","19:40:02 GMT-0600 (Mountain Daylight Time)","00:10:17","EUPA Fall - Team 3","EUPA Fall - Team 2","10","10","GSO","Ravenna Rookwood","","","true"
"Mon Aug 31 2026","19:40:09 GMT-0600 (Mountain Daylight Time)","00:10:10","EUPA Fall - Team 3","EUPA Fall - Team 2","10","10","Touch","Ravenna Rookwood","","","false"
"Mon Aug 31 2026","19:40:10 GMT-0600 (Mountain Daylight Time)","00:10:09","EUPA Fall - Team 3","EUPA Fall - Team 2","10","10","Touch","Alder Rookwood","Ravenna Rookwood","","false"
"Mon Aug 31 2026","19:40:13 GMT-0600 (Mountain Daylight Time)","00:10:06","EUPA Fall - Team 3","EUPA Fall - Team 2","10","10","Touch","Quillon Rookwood","Alder Rookwood","Ravenna Rookwood","false"
"Mon Aug 31 2026","19:40:16 GMT-0600 (Mountain Daylight Time)","00:10:03","EUPA Fall - Team 3","EUPA Fall - Team 2","10","10","Touch","Alder Rookwood","Quillon Rookwood","Alder Rookwood","false"
"Mon Aug 31 2026","19:40:17 GMT-0600 (Mountain Daylight Time)","00:10:02","EUPA Fall - Team 3","EUPA Fall - Team 2","10","10","Touch","Quillon Rookwood","Alder Rookwood","Quillon Rookwood","false"
"Mon Aug 31 2026","19:40:20 GMT-0600 (Mountain Daylight Time)","00:09:59","EUPA Fall - Team 3","EUPA Fall - Team 2","10","10","Touch","Ambrose Lindqvist","Quillon Rookwood","Alder Rookwood","false"
"Mon Aug 31 2026","19:40:21 GMT-0600 (Mountain Daylight Time)","00:09:58","EUPA Fall - Team 3","EUPA Fall - Team 2","10","10","Touch","Quillon Rookwood","Ambrose Lindqvist","Quillon Rookwood","false"
"Mon Aug 31 2026","19:40:23 GMT-0600 (Mountain Daylight Time)","00:09:56","EUPA Fall - Team 3","EUPA Fall - Team 2","10","10","Touch","Alder Rookwood","Quillon Rookwood","Ambrose Lindqvist","false"
"Mon Aug 31 2026","19:40:29 GMT-0600 (Mountain Daylight Time)","00:09:51","EUPA Fall - Team 3","EUPA Fall - Team 2","11","10","Touch","Quillon Rookwood","Alder Rookwood","Quillon Rookwood","false"
"Mon Aug 31 2026","19:40:29 GMT-0600 (Mountain Daylight Time)","00:09:51","EUPA Fall - Team 3","EUPA Fall - Team 2","11","10","Point","Quillon Rookwood","Alder Rookwood","Quillon Rookwood","true"
"Mon Aug 31 2026","19:41:01 GMT-0600 (Mountain Daylight Time)","00:09:18","EUPA Fall - Team 3","EUPA Fall - Team 2","11","11","GSO","Bettany Rookwood","","","true"
"Mon Aug 31 2026","19:41:05 GMT-0600 (Mountain Daylight Time)","00:09:14","EUPA Fall - Team 3","EUPA Fall - Team 2","11","11","Touch","Alder Rookwood","","","false"
"Mon Aug 31 2026","19:41:07 GMT-0600 (Mountain Daylight Time)","00:09:12","EUPA Fall - Team 3","EUPA Fall - Team 2","11","11","Touch","Verity Norwood","Alder Rookwood","","false"
"Mon Aug 31 2026","19:41:11 GMT-0600 (Mountain Daylight Time)","00:09:09","EUPA Fall - Team 3","EUPA Fall - Team 2","11","11","T-Away","Verity Norwood","","","true"
"Mon Aug 31 2026","19:41:35 GMT-0600 (Mountain Daylight Time)","00:08:45","EUPA Fall - Team 3","EUPA Fall - Team 2","11","11","O-Error","","","","true"
"Mon Aug 31 2026","19:41:41 GMT-0600 (Mountain Daylight Time)","00:08:39","EUPA Fall - Team 3","EUPA Fall - Team 2","11","11","Touch","Dashiell Rookwood","","","false"
"Mon Aug 31 2026","19:41:52 GMT-0600 (Mountain Daylight Time)","00:08:27","EUPA Fall - Team 3","EUPA Fall - Team 2","11","11","T-Away","Dashiell Rookwood","","","true"
"Mon Aug 31 2026","19:41:58 GMT-0600 (Mountain Daylight Time)","00:08:21","EUPA Fall - Team 3","EUPA Fall - Team 2","11","12","GSO","Peregrine Rookwood","","","true"
"Mon Aug 31 2026","19:42:14 GMT-0600 (Mountain Daylight Time)","00:08:05","EUPA Fall - Team 3","EUPA Fall - Team 2","11","12","Touch","Peregrine Rookwood","","","false"
"Mon Aug 31 2026","19:42:18 GMT-0600 (Mountain Daylight Time)","00:08:01","EUPA Fall - Team 3","EUPA Fall - Team 2","11","12","T-Away","Peregrine Rookwood","","","true"
"Mon Aug 31 2026","19:42:39 GMT-0600 (Mountain Daylight Time)","00:07:40","EUPA Fall - Team 3","EUPA Fall - Team 2","11","12","D-Play","Verity Norwood","","","true"
"Mon Aug 31 2026","19:42:41 GMT-0600 (Mountain Daylight Time)","00:07:38","EUPA Fall - Team 3","EUPA Fall - Team 2","11","12","Touch","Verity Norwood","","","false"
"Mon Aug 31 2026","19:42:53 GMT-0600 (Mountain Daylight Time)","00:07:26","EUPA Fall - Team 3","EUPA Fall - Team 2","11","12","Drop","Peregrine Rookwood","Verity Norwood","","true"
"Mon Aug 31 2026","19:43:13 GMT-0600 (Mountain Daylight Time)","00:07:06","EUPA Fall - Team 3","EUPA Fall - Team 2","11","13","GSO","Peregrine Rookwood","","","true"
"Mon Aug 31 2026","19:43:20 GMT-0600 (Mountain Daylight Time)","00:06:59","EUPA Fall - Team 3","EUPA Fall - Team 2","11","13","Touch","Quillon Rookwood","","","false"
"Mon Aug 31 2026","19:43:23 GMT-0600 (Mountain Daylight Time)","00:06:56","EUPA Fall - Team 3","EUPA Fall - Team 2","11","13","Touch","Ambrose Lindqvist","Quillon Rookwood","","false"
"Mon Aug 31 2026","19:43:29 GMT-0600 (Mountain Daylight Time)","00:06:51","EUPA Fall - Team 3","EUPA Fall - Team 2","11","13","T-Away","Ambrose Lindqvist","","","true"
"Mon Aug 31 2026","19:43:52 GMT-0600 (Mountain Daylight Time)","00:06:27","EUPA Fall - Team 3","EUPA Fall - Team 2","11","13","O-Error","","","","true"
"Mon Aug 31 2026","19:43:58 GMT-0600 (Mountain Daylight Time)","00:06:21","EUPA Fall - Team 3","EUPA Fall - Team 2","11","13","Touch","Quillon Rookwood","","","false"
"Mon Aug 31 2026","19:44:04 GMT-0600 (Mountain Daylight Time)","00:06:15","EUPA Fall - Team 3","EUPA Fall - Team 2","11","13","Touch","Dashiell Rookwood","Quillon Rookwood","","false"
"Mon Aug 31 2026","19:44:07 GMT-0600 (Mountain Daylight Time)","00:06:12","EUPA Fall - Team 3","EUPA Fall - Team 2","11","13","T-Away","Dashiell Rookwood","","","true"
"Mon Aug 31 2026","19:44:35 GMT-0600 (Mountain Daylight Time)","00:05:44","EUPA Fall - Team 3","EUPA Fall - Team 2","11","14","GSO","Dashiell Rookwood","","","true"
"Mon Aug 31 2026","19:44:38 GMT-0600 (Mountain Daylight Time)","00:05:41","EUPA Fall - Team 3","EUPA Fall - Team 2","11","14","Touch","Bettany Rookwood","","","false"
"Mon Aug 31 2026","19:44:40 GMT-0600 (Mountain Daylight Time)","00:05:39","EUPA Fall - Team 3","EUPA Fall - Team 2","11","14","Touch","Ravenna Rookwood","Bettany Rookwood","","false"
"Mon Aug 31 2026","19:44:43 GMT-0600 (Mountain Daylight Time)","00:05:36","EUPA Fall - Team 3","EUPA Fall - Team 2","11","14","Touch","Quillon Rookwood","Ravenna Rookwood","Bettany Rookwood","false"
"Mon Aug 31 2026","19:44:48 GMT-0600 (Mountain Daylight Time)","00:05:31","EUPA Fall - Team 3","EUPA Fall - Team 2","12","14","Touch","Alder Rookwood","Quillon Rookwood","Ravenna Rookwood","false"
"Mon Aug 31 2026","19:44:48 GMT-0600 (Mountain Daylight Time)","00:05:31","EUPA Fall - Team 3","EUPA Fall - Team 2","12","14","Point","Alder Rookwood","Quillon Rookwood","Ravenna Rookwood","true"
"Mon Aug 31 2026","19:45:10 GMT-0600 (Mountain Daylight Time)","00:05:09","EUPA Fall - Team 3","EUPA Fall - Team 2","12","14","O-Error","","","","true"
"Mon Aug 31 2026","19:45:12 GMT-0600 (Mountain Daylight Time)","00:05:07","EUPA Fall - Team 3","EUPA Fall - Team 2","12","14","Touch","Ravenna Rookwood","","","false"
"Mon Aug 31 2026","19:45:18 GMT-0600 (Mountain Daylight Time)","00:05:01","EUPA Fall - Team 3","EUPA Fall - Team 2","12","14","Touch","Ambrose Lindqvist","Ravenna Rookwood","","false"
"Mon Aug 31 2026","19:45:23 GMT-0600 (Mountain Daylight Time)","00:04:56","EUPA Fall - Team 3","EUPA Fall - Team 2","12","14","Touch","Ravenna Rookwood","Ambrose Lindqvist","Ravenna Rookwood","false"
"Mon Aug 31 2026","19:45:32 GMT-0600 (Mountain Daylight Time)","00:04:47","EUPA Fall - Team 3","EUPA Fall - Team 2","13","14","Touch","Quillon Rookwood","Ravenna Rookwood","Ambrose Lindqvist","false"
"Mon Aug 31 2026","19:45:32 GMT-0600 (Mountain Daylight Time)","00:04:47","EUPA Fall - Team 3","EUPA Fall - Team 2","13","14","Point","Quillon Rookwood","Ravenna Rookwood","Ambrose Lindqvist","true"
"Mon Aug 31 2026","19:45:47 GMT-0600 (Mountain Daylight Time)","00:04:32","EUPA Fall - Team 3","EUPA Fall - Team 2","13","14","D-Play","Ravenna Rookwood","","","true"
"Mon Aug 31 2026","19:45:52 GMT-0600 (Mountain Daylight Time)","00:04:28","EUPA Fall - Team 3","EUPA Fall - Team 2","13","14","Touch","Ravenna Rookwood","","","false"
"Mon Aug 31 2026","19:45:52 GMT-0600 (Mountain Daylight Time)","00:04:27","EUPA Fall - Team 3","EUPA Fall - Team 2","13","14","Touch","Quillon Rookwood","Ravenna Rookwood","","false"
"Mon Aug 31 2026","19:45:53 GMT-0600 (Mountain Daylight Time)","00:04:26","EUPA Fall - Team 3","EUPA Fall - Team 2","13","14","Touch","Ambrose Lindqvist","Quillon Rookwood","Ravenna Rookwood","false"
"Mon Aug 31 2026","19:46:56 GMT-0600 (Mountain Daylight Time)","00:03:23","EUPA Fall - Team 3","EUPA Fall - Team 2","13","14","Touch","Quillon Rookwood","Ambrose Lindqvist","Quillon Rookwood","false"
"Mon Aug 31 2026","19:47:01 GMT-0600 (Mountain Daylight Time)","00:03:18","EUPA Fall - Team 3","EUPA Fall - Team 2","13","14","Touch","Ambrose Lindqvist","Quillon Rookwood","Ambrose Lindqvist","false"
"Mon Aug 31 2026","19:47:05 GMT-0600 (Mountain Daylight Time)","00:03:14","EUPA Fall - Team 3","EUPA Fall - Team 2","13","14","Touch","Peregrine Rookwood","Ambrose Lindqvist","Quillon Rookwood","false"
"Mon Aug 31 2026","19:47:07 GMT-0600 (Mountain Daylight Time)","00:03:12","EUPA Fall - Team 3","EUPA Fall - Team 2","13","14","T-Away","Peregrine Rookwood","","","true"
"Mon Aug 31 2026","19:47:29 GMT-0600 (Mountain Daylight Time)","00:02:50","EUPA Fall - Team 3","EUPA Fall - Team 2","13","14","O-Error","","","","true"
"Mon Aug 31 2026","19:47:39 GMT-0600 (Mountain Daylight Time)","00:02:40","EUPA Fall - Team 3","EUPA Fall - Team 2","13","14","Touch","Verity Norwood","","","false"
"Mon Aug 31 2026","19:47:42 GMT-0600 (Mountain Daylight Time)","00:02:37","EUPA Fall - Team 3","EUPA Fall - Team 2","13","14","Touch","Peregrine Rookwood","Verity Norwood","","false"
"Mon Aug 31 2026","19:47:52 GMT-0600 (Mountain Daylight Time)","00:02:27","EUPA Fall - Team 3","EUPA Fall - Team 2","13","14","Touch","Ravenna Rookwood","Peregrine Rookwood","Verity Norwood","false"
"Mon Aug 31 2026","19:48:02 GMT-0600 (Mountain Daylight Time)","00:02:18","EUPA Fall - Team 3","EUPA Fall - Team 2","13","14","Drop","Peregrine Rookwood","Ravenna Rookwood","Peregrine Rookwood","true"
"Mon Aug 31 2026","19:48:06 GMT-0600 (Mountain Daylight Time)","00:02:14","EUPA Fall - Team 3","EUPA Fall - Team 2","13","14","D-Play","Verity Norwood","","","true"
"Mon Aug 31 2026","19:48:08 GMT-0600 (Mountain Daylight Time)","00:02:12","EUPA Fall - Team 3","EUPA Fall - Team 2","13","14","Touch","Verity Norwood","","","false"
"Mon Aug 31 2026","19:48:13 GMT-0600 (Mountain Daylight Time)","00:02:06","EUPA Fall - Team 3","EUPA Fall - Team 2","13","14","Touch","Ravenna Rookwood","Verity Norwood","","false"
"Mon Aug 31 2026","19:48:16 GMT-0600 (Mountain Daylight Time)","00:02:03","EUPA Fall - Team 3","EUPA Fall - Team 2","13","14","T-Away","Ravenna Rookwood","","","true"
"Mon Aug 31 2026","19:48:25 GMT-0600 (Mountain Daylight Time)","00:01:54","EUPA Fall - Team 3","EUPA Fall - Team 2","13","15","GSO","Ambrose Lindqvist","","","true"
"Mon Aug 31 2026","19:48:33 GMT-0600 (Mountain Daylight Time)","00:01:46","EUPA Fall - Team 3","EUPA Fall - Team 2","13","15","Touch","Verity Norwood","","","false"
"Mon Aug 31 2026","19:48:35 GMT-0600 (Mountain Daylight Time)","00:01:44","EUPA Fall - Team 3","EUPA Fall - Team 2","13","15","Touch","Ambrose Lindqvist","Verity Norwood","","false"
"Mon Aug 31 2026","19:48:41 GMT-0600 (Mountain Daylight Time)","00:01:38","EUPA Fall - Team 3","EUPA Fall - Team 2","13","15","Touch","Bettany Rookwood","Ambrose Lindqvist","Verity Norwood","false"
"Mon Aug 31 2026","19:48:46 GMT-0600 (Mountain Daylight Time)","00:01:33","EUPA Fall - Team 3","EUPA Fall - Team 2","13","15","Touch","Dashiell Rookwood","Bettany Rookwood","Ambrose Lindqvist","false"
"Mon Aug 31 2026","19:48:52 GMT-0600 (Mountain Daylight Time)","00:01:27","EUPA Fall - Team 3","EUPA Fall - Team 2","13","15","Drop","Bettany Rookwood","Dashiell Rookwood","Bettany Rookwood","true"
"Mon Aug 31 2026","19:49:03 GMT-0600 (Mountain Daylight Time)","00:01:16","EUPA Fall - Team 3","EUPA Fall - Team 2","13","16","GSO","Verity Norwood","","","true"
"Mon Aug 31 2026","19:49:13 GMT-0600 (Mountain Daylight Time)","00:01:06","EUPA Fall - Team 3","EUPA Fall - Team 2","13","16","Touch","Dashiell Rookwood","","","false"
"Mon Aug 31 2026","19:49:19 GMT-0600 (Mountain Daylight Time)","00:01:00","EUPA Fall - Team 3","EUPA Fall - Team 2","13","16","Touch","Quillon Rookwood","Dashiell Rookwood","","false"
"Mon Aug 31 2026","19:49:20 GMT-0600 (Mountain Daylight Time)","00:00:59","EUPA Fall - Team 3","EUPA Fall - Team 2","13","16","Touch","Dashiell Rookwood","Quillon Rookwood","Dashiell Rookwood","false"
"Mon Aug 31 2026","19:49:22 GMT-0600 (Mountain Daylight Time)","00:00:57","EUPA Fall - Team 3","EUPA Fall - Team 2","13","16","Touch","Quillon Rookwood","Dashiell Rookwood","Quillon Rookwood","false"
"Mon Aug 31 2026","19:49:26 GMT-0600 (Mountain Daylight Time)","00:00:53","EUPA Fall - Team 3","EUPA Fall - Team 2","14","16","Touch","Peregrine Rookwood","Quillon Rookwood","Dashiell Rookwood","false"
"Mon Aug 31 2026","19:49:26 GMT-0600 (Mountain Daylight Time)","00:00:53","EUPA Fall - Team 3","EUPA Fall - Team 2","14","16","Point","Peregrine Rookwood","Quillon Rookwood","Dashiell Rookwood","true"
"Mon Aug 31 2026","19:49:34 GMT-0600 (Mountain Daylight Time)","00:00:45","EUPA Fall - Team 3","EUPA Fall - Team 2","14","16","D-Play","Dashiell Rookwood","","","true"
"Mon Aug 31 2026","19:49:36 GMT-0600 (Mountain Daylight Time)","00:00:43","EUPA Fall - Team 3","EUPA Fall - Team 2","14","16","Touch","Dashiell Rookwood","","","false"
"Mon Aug 31 2026","19:49:40 GMT-0600 (Mountain Daylight Time)","00:00:39","EUPA Fall - Team 3","EUPA Fall - Team 2","14","16","T-Away","Dashiell Rookwood","","","true"
"Mon Aug 31 2026","19:49:56 GMT-0600 (Mountain Daylight Time)","00:00:23","EUPA Fall - Team 3","EUPA Fall - Team 2","14","16","D-Play","Quillon Rookwood","","","true"
"Mon Aug 31 2026","19:50:02 GMT-0600 (Mountain Daylight Time)","00:00:18","EUPA Fall - Team 3","EUPA Fall - Team 2","14","16","Touch","Quillon Rookwood","","","false"
"Mon Aug 31 2026","19:50:02 GMT-0600 (Mountain Daylight Time)","00:00:17","EUPA Fall - Team 3","EUPA Fall - Team 2","15","16","Touch","Alder Rookwood","Quillon Rookwood","","false"
"Mon Aug 31 2026","19:50:02 GMT-0600 (Mountain Daylight Time)","00:00:17","EUPA Fall - Team 3","EUPA Fall - Team 2","15","16","Point","Alder Rookwood","Quillon Rookwood","","true"
"Mon Aug 31 2026","19:50:06 GMT-0600 (Mountain Daylight Time)","00:00:13","EUPA Fall - Team 3","EUPA Fall - Team 2","15","16","D-Play","Quillon Rookwood","","","true"
"Mon Aug 31 2026","19:50:08 GMT-0600 (Mountain Daylight Time)","00:00:12","EUPA Fall - Team 3","EUPA Fall - Team 2","15","16","Touch","Quillon Rookwood","","","false"
"Mon Aug 31 2026","19:50:12 GMT-0600 (Mountain Daylight Time)","00:00:07","EUPA Fall - Team 3","EUPA Fall - Team 2","16","16","Touch","Dashiell Rookwood","Quillon Rookwood","","false"
"Mon Aug 31 2026","19:50:12 GMT-0600 (Mountain Daylight Time)","00:00:07","EUPA Fall - Team 3","EUPA Fall - Team 2","16","16","Point","Dashiell Rookwood","Quillon Rookwood","","true"
"Mon Aug 31 2026","19:50:23 GMT-0600 (Mountain Daylight Time)","00:00:00","EUPA Fall - Team 3","EUPA Fall - Team 2","16","16","D-Play","Quillon Rookwood","","","true"